Workbook

Sheet Εκκαθαρίσεις ανά Ημερομηνία
A1: ERGO - ΣΥΓΚΕΝΤΡΩΤΙΚΕΣ ΕΚΚΑΘΑΡΙΣΕΙΣ ΠΡΟΜΗΘΕΙΩΝ YΓΕΙΑΣ & ΖΩΗΣ ΑΝΑ ΗΜΕΡΟΜΗΝΙΑ
A2: Ενοποιημένο αρχείο παραστατικών εκκαθάρισης (Φεβρουάριος 2026 - Ιούλιος 2026) σε χρονολογική σειρά
A4: Α/Α | B4: Ημερομηνία | C4: Μήνας Εκκαθ. | D4: Βαθμίδα | E4: Αρ. Συμβολαίου | F4: Αρ. Απόδειξης | G4: Ονοματεπώνυμο Πελάτη | H4: Τρ. Πληρ. | I4: Διαν. Έτος | J4: Διάρκεια | K4: Καθαρά ΒΚ (€) | L4: Καθαρά ΣΚ (€) | M4: Καθαρά Σύνολο (€) | N4: Προμήθεια ΒΚ (€) | O4: Προμήθεια ΣΚ (€) | P4: Προμήθεια Σύνολο (€) | Q4: Φόρος (€) | R4: Καθαρό Πληρωτέο (€)
A5: 1 | B5: 27/01/2026 | C5: 03/2026 | D5: AGENCY | E5: 2026000161 | F5: 126288 | G5: ΤΕΖΚΟΣΑΡ ΑΓΛΑΙΑ | H5: 4 | I5: 1 | J5: 1 | K5: 0 | L5: 414.55 | M5: 414.55 | N5: 0 | O5: 23.24 | P5: 23.24 | Q5: 0 | R5: =P5-Q5
A6: 2 | B6: 27/01/2026 | C6: 03/2026 | D6: ΣΥΝΕΡΓΑΤΗΣ | E6: 2026000161 | F6: 126288 | G6: ΤΕΖΚΟΣΑΡ ΑΓΛΑΙΑ | H6: 4 | I6: 1 | J6: 1 | K6: 0 | L6: 414.55 | M6: 414.55 | N6: 0 | O6: 116.18 | P6: 116.18 | Q6: 0 | R6: =P6-Q6
A7: 3 | B7: 29/01/2026 | C7: 02/2026 | D7: AGENCY | E7: 2026000182 | F7: 126309 | G7: ΠΑΠΑΔΑΚΗΣ ΦΑΙΔΩΝ | H7: 1 | I7: 1 | J7: 1 | K7: 0 | L7: 896.3 | M7: 896.3 | N7: 0 | O7: 51.99 | P7: 51.99 | Q7: 0 | R7: =P7-Q7
A8: 4 | B8: 02/02/2026 | C8: 04/2026 | D8: AGENCY | E8: 2026000210 | F8: 126337 | G8: ΜΟΥΛΑΚΑΚΗΣ ΓΡΗΓΟΡΙΟΣ | H8: 1 | I8: 1 | J8: 20 | K8: -390.36 | L8: -639.41 | M8: -1029.77 | N8: -9.76 | O8: -18.76 | P8: -28.52 | Q8: 0 | R8: =P8-Q8
A9: 5 | B9: 02/02/2026 | C9: 04/2026 | D9: AGENCY | E9: 2026000210 | F9: 126337 | G9: ΜΟΥΛΑΚΑΚΗΣ ΓΡΗΓΟΡΙΟΣ | H9: 1 | I9: 1 | J9: 20 | K9: 390.36 | L9: 639.41 | M9: 1029.77 | N9: 9.76 | O9: 18.76 | P9: 28.52 | Q9: 0 | R9: =P9-Q9
A10: 6 | B10: 14/02/2026 | C10: 03/2026 | D10: AGENCY | E10: 2025000256 | F10: 80404824 | G10: ΒΑΒΑΤΣΙΚΟΣ ΔΗΜΗΤΡΙΟΣ | H10: 1 | I10: 2 | J10: 1 | K10: 0 | L10: 1093.95 | M10: 1093.95 | N10: 0 | O10: 53.01 | P10: 53.01 | Q10: 0 | R10: =P10-Q10
A11: 7 | B11: 14/02/2026 | C11: 03/2026 | D11: ΣΥΝΕΡΓΑΤΗΣ | E11: 2025000256 | F11: 80404824 | G11: ΒΑΒΑΤΣΙΚΟΣ ΔΗΜΗΤΡΙΟΣ | H11: 1 | I11: 2 | J11: 1 | K11: 0 | L11: 1093.95 | M11: 1093.95 | N11: 0 | O11: 265.07 | P11: 265.07 | Q11: 0 | R11: =P11-Q11
A12: 8 | B12: 14/02/2026 | C12: 03/2026 | D12: AGENCY | E12: 2025000256 | F12: 80404824 | G12: ΒΑΒΑΤΣΙΚΟΣ ΔΗΜΗΤΡΙΟΣ | H12: 1 | I12: 2 | J12: 1 | K12: 0 | L12: -1093.95 | M12: -1093.95 | N12: 0 | O12: -53.01 | P12: -53.01 | Q12: 0 | R12: =P12-Q12
A13: 9 | B13: 14/02/2026 | C13: 03/2026 | D13: ΣΥΝΕΡΓΑΤΗΣ | E13: 2025000256 | F13: 80404824 | G13: ΒΑΒΑΤΣΙΚΟΣ ΔΗΜΗΤΡΙΟΣ | H13: 1 | I13: 2 | J13: 1 | K13: 0 | L13: -1093.95 | M13: -1093.95 | N13: 0 | O13: -265.07 | P13: -265.07 | Q13: 0 | R13: =P13-Q13
A14: 10 | B14: 17/02/2026 | C14: 02/2026 | D14: ΣΥΝΕΡΓΑΤΗΣ | E14: 2021000340 | F14: 80405097 | G14: ΚΟΥΠΑΛΟΓΛΟΥ ΑΒΑΠΤΙΣΤΟ | H14: 1 | I14: 6 | J14: 1 | K14: 0 | L14: 359.74 | M14: 359.74 | N14: 0 | O14: 89.94 | P14: 89.94 | Q14: 0 | R14: =P14-Q14
A15: 11 | B15: 24/02/2026 | C15: 03/2026 | D15: AGENCY | E15: 2026000457 | F15: 126592 | G15: ΜΟΥΛΑΚΑΚΗΣ ΓΡΗΓΟΡΙΟΣ | H15: 1 | I15: 1 | J15: 20 | K15: 390.36 | L15: 483.8 | M15: 874.16 | N15: 19.52 | O15: 28.11 | P15: 47.63 | Q15: 0 | R15: =P15-Q15
A16: 12 | B16: 24/02/2026 | C16: 03/2026 | D16: ΣΥΝΕΡΓΑΤΗΣ | E16: 2026000457 | F16: 126592 | G16: ΜΟΥΛΑΚΑΚΗΣ ΓΡΗΓΟΡΙΟΣ | H16: 1 | I16: 1 | J16: 20 | K16: 390.36 | L16: 483.8 | M16: 874.16 | N16: 97.59 | O16: 140.52 | P16: 238.11 | Q16: 0 | R16: =P16-Q16
... A32: 28 | B32: 27/07/2026 | C32: 07/2026 | D32: ΣΥΝΕΡΓΑΤΗΣ | E32: 2026000161 | F32: 80430703 | G32: ΤΕΖΚΟΣΑΡ ΑΓΛΑΙΑ | H32: 4 | I32: 1 | J32: 1 | K32: 0 | L32: 414.55 | M32: 414.55 | N32: 0 | O32: 116.18 | P32: 116.18 | Q32: 0 | R32: =P32-Q32
G33: ΣΥΝΟΛΑ: | K33: =SUM(K5:K32) | L33: =SUM(L5:L32) | M33: =SUM(M5:M32) | N33: =SUM(N5:N32) | O33: =SUM(O5:O32) | P33: =SUM(P5:P32) | Q33: =SUM(Q5:Q32) | R33: =SUM(R5:R32)

Sheet Σύνολα ανά Μήνα
A1: ERGO - ΜΗΝΙΑΙΑ ΠΟΣΟΣΤΑ & ΠΟΣΑ ΣΥΝΕΡΓΑΤΗ & AGENCY (02/2026 - 07/2026)
A2: Ανακεφαλαίωση καθαρών ασφαλίστρων, ποσών & ποσοστών προμηθειών ανά μήνα
A4: Μήνας Εκκαθάρισης | B4: Καθαρά Ασφάλιστρα (€) | C4: Προμήθεια Συνεργάτη (€) | D4: Ποσοστό Συνεργάτη (%) | E4: Override Agency (€) | F4: Ποσοστό Agency (%) | G4: Σύνολο Αμοιβών (€) | H4: Συνολικό Ποσοστό (%)
A5: 02/2026 | B5: =SUMIFS('Εκκαθαρίσεις ανά Ημερομηνία'!M5:M32, 'Εκκαθαρίσεις ανά Ημερομηνία'!C5:C32, "02/2026", 'Εκκαθαρίσεις ανά Ημερομηνία'!D5:D32, "ΣΥΝΕΡΓΑΤΗΣ") + IF(COUNTIFS('Εκκαθαρίσεις ανά Ημερομηνία'!C5:C32, "02/2026", 'Εκκαθαρίσεις ανά Ημερομηνία'!D5:D32, "ΣΥΝΕΡΓΑΤΗΣ")=0, SUMIFS('Εκκαθαρίσεις ανά Ημερομηνία'!M5:M32, 'Εκκαθαρίσεις ανά Ημερομηνία'!C5:C32, "02/2026"), 0) | C5: =SUMIFS('Εκκαθαρίσεις ανά Ημερομηνία'!P5:P32, 'Εκκαθαρίσεις ανά Ημερομηνία'!C5:C32, "02/2026", 'Εκκαθαρίσεις ανά Ημερομηνία'!D5:D32, "ΣΥΝΕΡΓΑΤΗΣ") | D5: =IF(B5>0, C5/B5, 0) | E5: =SUMIFS('Εκκαθαρίσεις ανά Ημερομηνία'!P5:P32, 'Εκκαθαρίσεις ανά Ημερομηνία'!C5:C32, "02/2026", 'Εκκαθαρίσεις ανά Ημερομηνία'!D5:D32, "AGENCY") | F5: =IF(B5>0, E5/B5, 0) | G5: =C5+E5 | H5: =IF(B5>0, G5/B5, 0)
A6: 03/2026 | B6: =SUMIFS('Εκκαθαρίσεις ανά Ημερομηνία'!M5:M32, 'Εκκαθαρίσεις ανά Ημερομηνία'!C5:C32, "03/2026", 'Εκκαθαρίσεις ανά Ημερομηνία'!D5:D32, "ΣΥΝΕΡΓΑΤΗΣ") + IF(COUNTIFS('Εκκαθαρίσεις ανά Ημερομηνία'!C5:C32, "03/2026", 'Εκκαθαρίσεις ανά Ημερομηνία'!D5:D32, "ΣΥΝΕΡΓΑΤΗΣ")=0, SUMIFS('Εκκαθαρίσεις ανά Ημερομηνία'!M5:M32, 'Εκκαθαρίσεις ανά Ημερομηνία'!C5:C32, "03/2026"), 0) | C6: =SUMIFS('Εκκαθαρίσεις ανά Ημερομηνία'!P5:P32, 'Εκκαθαρίσεις ανά Ημερομηνία'!C5:C32, "03/2026", 'Εκκαθαρίσεις ανά Ημερομηνία'!D5:D32, "ΣΥΝΕΡΓΑΤΗΣ") | D6: =IF(B6>0, C6/B6, 0) | E6: =SUMIFS('Εκκαθαρίσεις ανά Ημερομηνία'!P5:P32, 'Εκκαθαρίσεις ανά Ημερομηνία'!C5:C32, "03/2026", 'Εκκαθαρίσεις ανά Ημερομηνία'!D5:D32, "AGENCY") | F6: =IF(B6>0, E6/B6, 0) | G6: =C6+E6 | H6: =IF(B6>0, G6/B6, 0)
A7: 04/2026 | B7: =SUMIFS('Εκκαθαρίσεις ανά Ημερομηνία'!M5:M32, 'Εκκαθαρίσεις ανά Ημερομηνία'!C5:C32, "04/2026", 'Εκκαθαρίσεις ανά Ημερομηνία'!D5:D32, "ΣΥΝΕΡΓΑΤΗΣ") + IF(COUNTIFS('Εκκαθαρίσεις ανά Ημερομηνία'!C5:C32, "04/2026", 'Εκκαθαρίσεις ανά Ημερομηνία'!D5:D32, "ΣΥΝΕΡΓΑΤΗΣ")=0, SUMIFS('Εκκαθαρίσεις ανά Ημερομηνία'!M5:M32, 'Εκκαθαρίσεις ανά Ημερομηνία'!C5:C32, "04/2026"), 0) | C7: =SUMIFS('Εκκαθαρίσεις ανά Ημερομηνία'!P5:P32, 'Εκκαθαρίσεις ανά Ημερομηνία'!C5:C32, "04/2026", 'Εκκαθαρίσεις ανά Ημερομηνία'!D5:D32, "ΣΥΝΕΡΓΑΤΗΣ") | D7: =IF(B7>0, C7/B7, 0) | E7: =SUMIFS('Εκκαθαρίσεις ανά Ημερομηνία'!P5:P32, 'Εκκαθαρίσεις ανά Ημερομηνία'!C5:C32, "04/2026", 'Εκκαθαρίσεις ανά Ημερομηνία'!D5:D32, "AGENCY") | F7: =IF(B7>0, E7/B7, 0) | G7: =C7+E7 | H7: =IF(B7>0, G7/B7, 0)
A8: 05/2026 | B8: =SUMIFS('Εκκαθαρίσεις ανά Ημερομηνία'!M5:M32, 'Εκκαθαρίσεις ανά Ημερομηνία'!C5:C32, "05/2026", 'Εκκαθαρίσεις ανά Ημερομηνία'!D5:D32, "ΣΥΝΕΡΓΑΤΗΣ") + IF(COUNTIFS('Εκκαθαρίσεις ανά Ημερομηνία'!C5:C32, "05/2026", 'Εκκαθαρίσεις ανά Ημερομηνία'!D5:D32, "ΣΥΝΕΡΓΑΤΗΣ")=0, SUMIFS('Εκκαθαρίσεις ανά Ημερομηνία'!M5:M32, 'Εκκαθαρίσεις ανά Ημερομηνία'!C5:C32, "05/2026"), 0) | C8: =SUMIFS('Εκκαθαρίσεις ανά Ημερομηνία'!P5:P32, 'Εκκαθαρίσεις ανά Ημερομηνία'!C5:C32, "05/2026", 'Εκκαθαρίσεις ανά Ημερομηνία'!D5:D32, "ΣΥΝΕΡΓΑΤΗΣ") | D8: =IF(B8>0, C8/B8, 0) | E8: =SUMIFS('Εκκαθαρίσεις ανά Ημερομηνία'!P5:P32, 'Εκκαθαρίσεις ανά Ημερομηνία'!C5:C32, "05/2026", 'Εκκαθαρίσεις ανά Ημερομηνία'!D5:D32, "AGENCY") | F8: =IF(B8>0, E8/B8, 0) | G8: =C8+E8 | H8: =IF(B8>0, G8/B8, 0)
A9: 06/2026 | B9: =SUMIFS('Εκκαθαρίσεις ανά Ημερομηνία'!M5:M32, 'Εκκαθαρίσεις ανά Ημερομηνία'!C5:C32, "06/2026", 'Εκκαθαρίσεις ανά Ημερομηνία'!D5:D32, "ΣΥΝΕΡΓΑΤΗΣ") + IF(COUNTIFS('Εκκαθαρίσεις ανά Ημερομηνία'!C5:C32, "06/2026", 'Εκκαθαρίσεις ανά Ημερομηνία'!D5:D32, "ΣΥΝΕΡΓΑΤΗΣ")=0, SUMIFS('Εκκαθαρίσεις ανά Ημερομηνία'!M5:M32, 'Εκκαθαρίσεις ανά Ημερομηνία'!C5:C32, "06/2026"), 0) | C9: =SUMIFS('Εκκαθαρίσεις ανά Ημερομηνία'!P5:P32, 'Εκκαθαρίσεις ανά Ημερομηνία'!C5:C32, "06/2026", 'Εκκαθαρίσεις ανά Ημερομηνία'!D5:D32, "ΣΥΝΕΡΓΑΤΗΣ") | D9: =IF(B9>0, C9/B9, 0) | E9: =SUMIFS('Εκκαθαρίσεις ανά Ημερομηνία'!P5:P32, 'Εκκαθαρίσεις ανά Ημερομηνία'!C5:C32, "06/2026", 'Εκκαθαρίσεις ανά Ημερομηνία'!D5:D32, "AGENCY") | F9: =IF(B9>0, E9/B9, 0) | G9: =C9+E9 | H9: =IF(B9>0, G9/B9, 0)
A10: 07/2026 | B10: =SUMIFS('Εκκαθαρίσεις ανά Ημερομηνία'!M5:M32, 'Εκκαθαρίσεις ανά Ημερομηνία'!C5:C32, "07/2026", 'Εκκαθαρίσεις ανά Ημερομηνία'!D5:D32, "ΣΥΝΕΡΓΑΤΗΣ") + IF(COUNTIFS('Εκκαθαρίσεις ανά Ημερομηνία'!C5:C32, "07/2026", 'Εκκαθαρίσεις ανά Ημερομηνία'!D5:D32, "ΣΥΝΕΡΓΑΤΗΣ")=0, SUMIFS('Εκκαθαρίσεις ανά Ημερομηνία'!M5:M32, 'Εκκαθαρίσεις ανά Ημερομηνία'!C5:C32, "07/2026"), 0) | C10: =SUMIFS('Εκκαθαρίσεις ανά Ημερομηνία'!P5:P32, 'Εκκαθαρίσεις ανά Ημερομηνία'!C5:C32, "07/2026", 'Εκκαθαρίσεις ανά Ημερομηνία'!D5:D32, "ΣΥΝΕΡΓΑΤΗΣ") | D10: =IF(B10>0, C10/B10, 0) | E10: =SUMIFS('Εκκαθαρίσεις ανά Ημερομηνία'!P5:P32, 'Εκκαθαρίσεις ανά Ημερομηνία'!C5:C32, "07/2026", 'Εκκαθαρίσεις ανά Ημερομηνία'!D5:D32, "AGENCY") | F10: =IF(B10>0, E10/B10, 0) | G10: =C10+E10 | H10: =IF(B10>0, G10/B10, 0)
A11: ΣΥΝΟΛΑ: | B11: =SUM(B5:B10) | C11: =SUM(C5:C10) | D11: =C11/B11 | E11: =SUM(E5:E10) | F11: =E11/B11 | G11: =SUM(G5:G10) | H11: =G11/B11

Sheet Ανά Συμβόλαιο & Μήνα
A1: ERGO - ΑΝΑΛΥΣΗ ΑΜΟΙΒΩΝ & ΠΟΣΟΣΤΩΝ ΑΝΑ ΣΥΜΒΟΛΑΙΟ ΚΑΙ ΑΝΑ ΜΗΝΑ
A2: Πλήρης πίνακας δικαιωμάτων Συνεργάτη & Agency ανά συμβόλαιο για κάθε μήνα
A4: Μήνας | B4: Ημερομηνία | C4: Αρ. Συμβολαίου | D4: Ονοματεπώνυμο Πελάτη | E4: Έτος | F4: Καθαρά Ασφάλιστρα (€) | G4: Προμήθεια Συνεργάτη (€) | H4: Ποσοστό Συνεργάτη (%) | I4: Override Agency (€) | J4: Ποσοστό Agency (%) | K4: Σύνολο Αμοιβής (€)
A5: 02/2026 | B5: 29/01/2026 | C5: 2026000182 | D5: ΠΑΠΑΔΑΚΗΣ ΦΑΙΔΩΝ | E5: 1 | F5: 896.3 | G5: 0 | H5: =IF(F5>0, G5/F5, 0) | I5: 51.99 | J5: =IF(F5>0, I5/F5, 0) | K5: =G5+I5
A6: 02/2026 | B6: 17/02/2026 | C6: 2021000340 | D6: ΚΟΥΠΑΛΟΓΛΟΥ ΑΒΑΠΤΙΣΤΟ | E6: 6 | F6: 359.74 | G6: 89.94 | H6: =IF(F6>0, G6/F6, 0) | I6: 0 | J6: =IF(F6>0, I6/F6, 0) | K6: =G6+I6
A7: 03/2026 | B7: 27/01/2026 | C7: 2026000161 | D7: ΤΕΖΚΟΣΑΡ ΑΓΛΑΙΑ | E7: 1 | F7: 414.55 | G7: 116.18 | H7: =IF(F7>0, G7/F7, 0) | I7: 23.24 | J7: =IF(F7>0, I7/F7, 0) | K7: =G7+I7
A8: 03/2026 | B8: 14/02/2026 | C8: 2025000256 | D8: ΒΑΒΑΤΣΙΚΟΣ ΔΗΜΗΤΡΙΟΣ | E8: 2 | F8: 0 | G8: 0 | H8: =IF(F8>0, G8/F8, 0) | I8: 0 | J8: =IF(F8>0, I8/F8, 0) | K8: =G8+I8
A9: 03/2026 | B9: 24/02/2026 | C9: 2026000457 | D9: ΜΟΥΛΑΚΑΚΗΣ ΓΡΗΓΟΡΙΟΣ | E9: 1 | F9: 874.16 | G9: 238.11 | H9: =IF(F9>0, G9/F9, 0) | I9: 47.63 | J9: =IF(F9>0, I9/F9, 0) | K9: =G9+I9
A10: 03/2026 | B10: 21/03/2026 | C10: 296632 | D10: ΚΟΝΤΟΣ ΚΩΝΣΤΑΝΤΙΝΟΣ | E10: 27 | F10: 216.11 | G10: 0 | H10: =IF(F10>0, G10/F10, 0) | I10: 0 | J10: =IF(F10>0, I10/F10, 0) | K10: =G10+I10
A11: 03/2026 | B11: 27/03/2026 | C11: 2022005568 | D11: ΣΑΡΑΦΙΔΟΥ ΕΛΕΝΗ | E11: 4 | F11: 72.89 | G11: 6.18 | H11: =IF(F11>0, G11/F11, 0) | I11: 0 | J11: =IF(F11>0, I11/F11, 0) | K11: =G11+I11
A12: 03/2026 | B12: 27/03/2026 | C12: 2025001066 | D12: ΚΑΤΣΙΓΙΑΝΝΑΚΗ ΚΑΛΛΙΟΠΗ | E12: 1 | F12: 145.63 | G12: 0 | H12: =IF(F12>0, G12/F12, 0) | I12: 3.56 | J12: =IF(F12>0, I12/F12, 0) | K12: =G12+I12
A13: 03/2026 | B13: 30/03/2026 | C13: 2025001836 | D13: ΣΤΕΡΓΙΟΥ ΑΒΑΠΤΙΣΤΟ | E13: 1 | F13: 174.8 | G13: 0 | H13: =IF(F13>0, G13/F13, 0) | I13: 9.84 | J13: =IF(F13>0, I13/F13, 0) | K13: =G13+I13
A14: 04/2026 | B14: 02/02/2026 | C14: 2026000210 | D14: ΜΟΥΛΑΚΑΚΗΣ ΓΡΗΓΟΡΙΟΣ | E14: 1 | F14: 0 | G14: 0 | H14: =IF(F14>0, G14/F14, 0) | I14: 0 | J14: =IF(F14>0, I14/F14, 0) | K14: =G14+I14
A15: 04/2026 | B15: 08/04/2026 | C15: 2026000765 | D15: ΠΑΛΙΑΤΣΑΣ ΑΘΑΝΑΣΙΟΣ | E15: 1 | F15: 666.12 | G15: 193.17 | H15: =IF(F15>0, G15/F15, 0) | I15: 38.63 | J15: =IF(F15>0, I15/F15, 0) | K15: =G15+I15
A16: 04/2026 | B16: 27/04/2026 | C16: 2026000161 | D16: ΤΕΖΚΟΣΑΡ ΑΓΛΑΙΑ | E16: 1 | F16: 414.55 | G16: 116.18 | H16: =IF(F16>0, G16/F16, 0) | I16: 23.24 | J16: =IF(F16>0, I16/F16, 0) | K16: =G16+I16
... A22: 07/2026 | B22: 27/07/2026 | C22: 2026000161 | D22: ΤΕΖΚΟΣΑΡ ΑΓΛΑΙΑ | E22: 1 | F22: 414.55 | G22: 116.18 | H22: =IF(F22>0, G22/F22, 0) | I22: 23.24 | J22: =IF(F22>0, I22/F22, 0) | K22: =G22+I22
D23: ΣΥΝΟΛΑ: | F23: =SUM(F5:F22) | G23: =SUM(G5:G22) | H23: =G23/F23 | I23: =SUM(I5:I22) | J23: =I23/F23 | K23: =SUM(K5:K22)

Sheet Καλύψεις & Ποσοστά Συμβολαίων
A1: ERGO - ΤΡΟΠΟΣ ΠΛΗΡΩΜΗΣ, ΔΙΑΡΚΕΙΑ, ΠΟΣΟΣΤΑ ΠΡΟΜΗΘΕΙΩΝ & ΤΕΧΝΙΚΕΣ ΚΑΛΥΨΕΙΣ ΑΝΑ ΣΥΜΒΟΛΑΙΟ
A2: Αναλυτικός πίνακας ημερομηνιών, τρόπων πληρωμής, διάρκειας, ποσοστών προμηθειών (Συνεργάτη & Agency) και ορίων καλύψεων ανά συμβόλαιο
A4: Ημερομηνία | B4: Μήνας Εκκαθ. | C4: Αρ. Συμβολαίου | D4: Ονοματεπώνυμο Πελάτη | E4: Προϊόν ERGO | F4: Κλάδος | G4: Τρόπος Πληρωμής | H4: Διάρκεια | I4: Έτος | J4: Καθαρά (€) | K4: Προμήθεια Συνεργάτη (€) | L4: Ποσοστό Συνεργάτη (%) | M4: Override Agency (€) | N4: Ποσοστό Agency (%) | O4: Συνολική Αμοιβή (€) | P4: Συνολικό Ποσοστό (%) | Q4: Ανώτατο Όριο Κάλυψης | R4: Θέση Νοσηλείας | S4: Δίκτυο Νοσοκομείων | T4: Απαλλαγή | U4: Εξωνοσοκομειακά & Επείγοντα | V4: Επιδόματα & Assistance | W4: Riders & Παροχές
A5: 29/01/2026 | B5: 02/2026 | C5: 2026000182 | D5: ΠΑΠΑΔΑΚΗΣ ΦΑΙΔΩΝ | E5: ERGO Health Care Superior | F5: Υγεία | G5: Ετήσιο | H5: 1 έτη | I5: 1 | J5: 896.3 | K5: 0 | L5: =K5/J5 | M5: 51.99 | N5: =M5/J5 | O5: =K5+M5 | P5: =O5/J5 | Q5: €500.000 / ασφαλιστικό έτος | R5: Α' Θέση (Μονόκλινο) | S5: 100% Δίκτυο 4U & Συμβεβλημένα | T5: €1.500 / €3.000 | U5: Περιλαμβάνεται (€2.000) & €1.000 Επείγοντα | V5: €150/ημέρα Νοσοκομειακό + Χειρουργικό | W5: ERGOLIFE Assistance 24/7
A6: 17/02/2026 | B6: 02/2026 | C6: 2021000340 | D6: ΚΟΥΠΑΛΟΓΛΟΥ ΑΒΑΠΤΙΣΤΟ | E6: ERGO Life (Ισόβια) & Riders | F6: Ζωή | G6: Ετήσιο | H6: 1 έτη | I6: 6 | J6: 359.74 | K6: 89.94 | L6: =K6/J6 | M6: 0 | N6: =M6/J6 | O6: =K6+M6 | P6: =O6/J6 | Q6: Κεφάλαιο Ζωής €50.000 | R6: N/A | S6: Ελεύθερη Επιλογή Ιατρών | T6: N/A | U6: Ιατροφαρμακευτικά Ατυχήματος | V6: Νοσοκομειακό Επίδομα Ατυχήματος | W6: Θάνατος / ΜΑ Ατυχήματος, ΑΠΑ
A7: 27/01/2026 | B7: 03/2026 | C7: 2026000161 | D7: ΤΕΖΚΟΣΑΡ ΑΓΛΑΙΑ | E7: ERGO Health Care Advanced | F7: Υγεία | G7: Τρίμηνο | H7: 1 έτη | I7: 1 | J7: 414.55 | K7: 116.18 | L7: =K7/J7 | M7: 23.24 | N7: =M7/J7 | O7: =K7+M7 | P7: =O7/J7 | Q7: €300.000 / περιστατικό | R7: Α' Θέση (Μονόκλινο) | S7: 100% Δίκτυο 4U & Αναγνωρισμένα | T7: €500 / €1.500 | U7: €750 Επείγοντα + Διαγνωστικά Δικτύου | V7: €120/ημέρα Νοσοκομειακό | W7: ERGOLIFE Assistance 24/7, ΑΠΑ
A8: 14/02/2026 | B8: 03/2026 | C8: 2025000256 | D8: ΒΑΒΑΤΣΙΚΟΣ ΔΗΜΗΤΡΙΟΣ | E8: ERGO Life & Health Rider | F8: Ζωή & Υγεία | G8: Ετήσιο | H8: 1 έτη | I8: 2 | J8: 0 | K8: 0 | L8: =K8/J8 | M8: 0 | N8: =M8/J8 | O8: =K8+M8 | P8: =O8/J8 | Q8: Κεφάλαιο €100.000 / €300.000 | R8: Β' Θέση (Δίκλινο) | S8: Δίκτυο 4U | T8: €1.500 | U8: Επείγοντα €500 | V8: €100/ημέρα | W8: Θάνατος Ατυχήματος, ΑΠΑ
A9: 24/02/2026 | B9: 03/2026 | C9: 2026000457 | D9: ΜΟΥΛΑΚΑΚΗΣ ΓΡΗΓΟΡΙΟΣ | E9: ERGO Health Care Superior | F9: Υγεία | G9: Ετήσιο | H9: 20 έτη | I9: 1 | J9: 874.16 | K9: 238.11 | L9: =K9/J9 | M9: 47.63 | N9: =M9/J9 | O9: =K9+M9 | P9: =O9/J9 | Q9: €500.000 / ασφαλιστικό έτος | R9: Α' Θέση (Μονόκλινο) | S9: 100% Δίκτυο 4U & Συμβεβλημένα | T9: €500 / €1.500 | U9: Περιλαμβάνεται (€2.000) & €1.000 Επείγοντα | V9: €150/ημέρα Νοσοκομειακό + Χειρουργικό | W9: ERGOLIFE Assistance 24/7
A10: 21/03/2026 | B10: 03/2026 | C10: 296632 | D10: ΚΟΝΤΟΣ ΚΩΝΣΤΑΝΤΙΝΟΣ | E10: ERGO Life (Πρόσκαιρη Θανάτου) | F10: Ζωή | G10: Τρίμηνο | H10: Ισόβιο (99 έτη) | I10: 27 | J10: 216.11 | K10: 0 | L10: =K10/J10 | M10: 0 | N10: =M10/J10 | O10: =K10+M10 | P10: =O10/J10 | Q10: Κεφάλαιο Ζωής €30.000 | R10: N/A | S10: N/A | T10: N/A | U10: N/A | V10: N/A | W10: Βασική Ασφάλιση Θανάτου
A11: 27/03/2026 | B11: 03/2026 | C11: 2022005568 | D11: ΣΑΡΑΦΙΔΟΥ ΕΛΕΝΗ | E11: ERGO Life & Riders | F11: Ζωή | G11: Εξάμηνο | H11: 25 έτη | I11: 4 | J11: 72.89 | K11: 6.18 | L11: =K11/J11 | M11: 0 | N11: =M11/J11 | O11: =K11+M11 | P11: =O11/J11 | Q11: Κεφάλαιο Ζωής €40.000 | R11: N/A | S11: N/A | T11: N/A | U11: Ιατροφαρμακευτικά Ατυχήματος | V11: Νοσοκομειακό Επίδομα | W11: Θάνατος Ατυχήματος, ΜΑ, ΑΠΑ
A12: 27/03/2026 | B12: 03/2026 | C12: 2025001066 | D12: ΚΑΤΣΙΓΙΑΝΝΑΚΗ ΚΑΛΛΙΟΠΗ | E12: ERGO Health Care Simple | F12: Υγεία | G12: Τρίμηνο | H12: 15 έτη | I12: 1 | J12: 145.63 | K12: 0 | L12: =K12/J12 | M12: 3.56 | N12: =M12/J12 | O12: =K12+M12 | P12: =O12/J12 | Q12: €300.000 / περιστατικό | R12: Β' Θέση (Δίκλινο) | S12: 100% Δίκτυο 4U | T12: €1.500 | U12: €500 Επείγοντα Περιστατικά | V12: €100/ημέρα Νοσοκομειακό | W12: ERGOLIFE Assistance 24/7
A13: 30/03/2026 | B13: 03/2026 | C13: 2025001836 | D13: ΣΤΕΡΓΙΟΥ ΑΒΑΠΤΙΣΤΟ | E13: ERGO Health Care Advanced | F13: Υγεία | G13: Τρίμηνο | H13: 1 έτη | I13: 1 | J13: 174.8 | K13: 0 | L13: =K13/J13 | M13: 9.84 | N13: =M13/J13 | O13: =K13+M13 | P13: =O13/J13 | Q13: €300.000 / περιστατικό | R13: Α' Θέση (Μονόκλινο) | S13: 100% Δίκτυο 4U & Συμβεβλημένα | T13: €500 | U13: €750 Επείγοντα Περιστατικά | V13: €120/ημέρα Νοσοκομειακό | W13: ERGOLIFE Assistance 24/7
A14: 02/02/2026 | B14: 04/2026 | C14: 2026000210 | D14: ΜΟΥΛΑΚΑΚΗΣ ΓΡΗΓΟΡΙΟΣ | E14: ERGO Health Care Superior | F14: Υγεία | G14: Ετήσιο | H14: 20 έτη | I14: 1 | J14: 0 | K14: 0 | L14: =K14/J14 | M14: 0 | N14: =M14/J14 | O14: =K14+M14 | P14: =O14/J14 | Q14: €500.000 / ασφαλιστικό έτος | R14: Α' Θέση (Μονόκλινο) | S14: 100% Δίκτυο 4U | T14: €1.500 | U14: €1.000 Επείγοντα + Διαγνωστικά | V14: €150/ημέρα | W14: ERGOLIFE Assistance 24/7
A15: 08/04/2026 | B15: 04/2026 | C15: 2026000765 | D15: ΠΑΛΙΑΤΣΑΣ ΑΘΑΝΑΣΙΟΣ | E15: ERGO Health Care Superior | F15: Υγεία | G15: Ετήσιο | H15: 1 έτη | I15: 1 | J15: 666.12 | K15: 193.17 | L15: =K15/J15 | M15: 38.63 | N15: =M15/J15 | O15: =K15+M15 | P15: =O15/J15 | Q15: €500.000 / ασφαλιστικό έτος | R15: Α' Θέση (Μονόκλινο) | S15: 100% Δίκτυο 4U & Αναγνωρισμένα | T15: €500 / €1.500 | U15: Περιλαμβάνεται (€2.000) & €1.000 Επείγοντα | V15: €150/ημέρα Νοσοκομειακό + Χειρουργικό | W15: ERGOLIFE Assistance 24/7, ΑΠΑ
A16: 27/04/2026 | B16: 04/2026 | C16: 2026000161 | D16: ΤΕΖΚΟΣΑΡ ΑΓΛΑΙΑ | E16: ERGO Health Care Advanced | F16: Υγεία | G16: Τρίμηνο | H16: 1 έτη | I16: 1 | J16: 414.55 | K16: 116.18 | L16: =K16/J16 | M16: 23.24 | N16: =M16/J16 | O16: =K16+M16 | P16: =O16/J16 | Q16: €300.000 / περιστατικό | R16: Α' Θέση (Μονόκλινο) | S16: 100% Δίκτυο 4U & Αναγνωρισμένα | T16: €500 / €1.500 | U16: €750 Επείγοντα + Διαγνωστικά Δικτύου | V16: €120/ημέρα Νοσοκομειακό | W16: ERGOLIFE Assistance 24/7, ΑΠΑ
... A22: 27/07/2026 | B22: 07/2026 | C22: 2026000161 | D22: ΤΕΖΚΟΣΑΡ ΑΓΛΑΙΑ | E22: ERGO Health Care Advanced | F22: Υγεία | G22: Τρίμηνο | H22: 1 έτη | I22: 1 | J22: 414.55 | K22: 116.18 | L22: =K22/J22 | M22: 23.24 | N22: =M22/J22 | O22: =K22+M22 | P22: =O22/J22 | Q22: €300.000 / περιστατικό | R22: Α' Θέση (Μονόκλινο) | S22: 100% Δίκτυο 4U & Αναγνωρισμένα | T22: €500 / €1.500 | U22: €750 Επείγοντα + Διαγνωστικά Δικτύου | V22: €120/ημέρα Νοσοκομειακό | W22: ERGOLIFE Assistance 24/7, ΑΠΑ
F23: ΣΥΝΟΛΑ: | J23: =SUM(J5:J22) | K23: =SUM(K5:K22) | L23: =K23/J23 | M23: =SUM(M5:M22) | N23: =M23/J23 | O23: =SUM(O5:O22) | P23: =O23/J23
